{"cameraMode":{"drawMode":0,"name":"Shaded","section":"Shading Mode"},"sceneLighting":false,"audioPlay":false,"sceneViewState":{"m_AlwaysRefresh":false,"showFog":true,"showSkybox":false,"showFlares":true,"showImageEffects":true,"showParticleSystems":true,"showVisualEffectGraphs":true,"m_FxEnabled":true},"in2DMode":false,"pivot":{"x":0.009449958801269532,"y":5.445232391357422,"z":14.65000057220459},"rotation":{"x":-0.06625709682703018,"y":0.01256778184324503,"z":-0.0008237561560235918,"w":-0.9977356195449829},"size":1.7895923852920533,"orthographic":false}